"Symbol","ISIN","Company","First Listing Date","Face Value","Paid Up Value","Market Lot","Industry"
"POWERINDIA","INE07Y701011","ABB Power Products and Systems India Limited","30-Mar-2020","2","2","1","-"
"SBICARD","INE018E01016","SBI Cards and Payment Services Limited","16-Mar-2020","10","10","1","-"
"SUVENPHAR","INE03QK01018","Suven Pharmaceuticals Limited","09-Mar-2020","1","1","1","-"
"GEEKAYWIRE","INE669X01016","Geekay Wires Limited","06-Mar-2020","10","10","1","-"
"BAFNAPH","INE878I01022","Bafna Pharmaceuticals Limited","27-Feb-2020","10","10","1","-"
"ALOKINDS","INE270A01029","Alok Industries Limited","19-Feb-2020","1","1","1","-"
"UNIVPHOTO","INE03V001013","Universus Photo Imagings Limited","14-Feb-2020","10","10","1","-"
"MAHEPC","INE215D01010","Mahindra EPC Irrigation Limited","14-Feb-2020","10","10","1","-"
"ASALCBR","INE073G01016","Associated Alcohols & Breweries Ltd.","12-Feb-2020","10","10","1","-"
"BIRLATYRE","INE0AEJ01013","Birla Tyres Limited","10-Feb-2020","10","10","1","-"
"SHREDIGCEM","INE232A01011","Shree Digvijay Cement Co.Ltd","28-Jan-2020","10","10","1","-"
"SUMICHEM","INE258G01013","Sumitomo Chemical India Limited","27-Jan-2020","10","10","1","-"
"RUCHI","INE619A01035","Ruchi Soya Industries Limited","24-Jan-2020","2","2","1","-"
"ARTEMISMED","INE025R01013","Artemis Medicare Services Limited","23-Jan-2020","10","10","1","-"
"TOUCHWOOD","INE486Y01013","Touchwood Entertainment Limited","21-Jan-2020","10","10","1","-"
"DPWIRES","INE864X01013","D P Wires Limited","17-Jan-2020","10","10","1","-"
"VAISHALI","INE972X01014","Vaishali Pharma Limited","15-Jan-2020","10","10","1","-"
"MMP","INE511Y01018","MMP Industries Limited","09-Jan-2020","10","10","1","-"
"PANACHE","INE895W01019","Panache Digilife Limited","06-Jan-2020","10","10","1","-"
"PRINCEPIPE","INE689W01016","Prince Pipes And Fittings Limited","30-Dec-2019","10","10","1","-"
"SHIL","INE05AN01011","Somany Home Innovation Limited","26-Dec-2019","2","2","1","-"
"UJJIVANSFB","INE551W01018","Ujjivan Small Finance Bank Limited","12-Dec-2019","10","10","1","-"
"CSBBANK","INE679A01013","CSB Bank Limited","04-Dec-2019","10","10","1","-"
"CHEMBOND","INE995D01025","Chembond Chemicals Ltd","20-Nov-2019","5","5","1","-"
"KIRLFER","INE884B01025","Kirloskar Ferrous Industries Ltd","13-Nov-2019","5","5","1","-"
"APOLLOPIPE","INE126J01016","Apollo Pipes Limited","11-Nov-2019","10","10","1","-"
"JASH","INE039O01011","Jash Engineering Limited","30-Oct-2019","10","10","1","-"
"KUANTUM","INE529I01013","Kuantum Papers Limited","23-Oct-2019","10","10","1","-"
"GREENPANEL","INE08ZM01014","Greenpanel Industries Limited","23-Oct-2019","1","1","1","-"
"FLUOROCHEM","INE09N301011","Gujarat Fluorochemicals Limited","16-Oct-2019","1","1","1","-"
"VISHWARAJ","INE430N01014","Vishwaraj Sugar Industries Limited","15-Oct-2019","10","10","1","-"
"IRCTC","INE335Y01012","Indian Railway Catering And Tourism Corporation Limited","14-Oct-2019","10","10","1","-"
"AKASH","INE737W01013","Akash Infra-Projects Limited","11-Oct-2019","10","10","1","-"
"IIFLSEC","INE489L01022","IIFL Securities Limited","20-Sep-2019","2","2","1","-"
"IIFLWAM","INE466L01020","Iifl Wealth Management Limited","19-Sep-2019","2","2","1","-"
"SAFARI","INE429E01023","Safari Industries (India) Limited","12-Sep-2019","2","2","1","-"
"KRISHANA","INE506W01012","Krishana Phoschem Limited","22-Aug-2019","10","10","1","-"
"MBAPL","INE900L01010","Madhya Bharat Agro Products Limited","22-Aug-2019","10","10","1","-"
"SWSOLAR","INE00M201021","Sterling And Wilson Solar Limited","20-Aug-2019","1","1","1","-"
"JIYAECO","INE023S01016","Jiya Eco-Products Limited","19-Aug-2019","10","10","1","-"
"JUMPNET","INE974C01022","Jump Networks Limited","19-Aug-2019","5","5","1","-"
"BCP","INE905P01028","B.C. Power Controls Ltd","19-Aug-2019","2","2","1","-"
"ZOTA","INE358U01012","Zota Health Care LImited","19-Aug-2019","10","10","1","-"
"SPANDANA","INE572J01011","Spandana Sphoorty Financial Limited","19-Aug-2019","10","10","1","-"
"WESTLIFE","INE274F01020","Westlife Development Ltd","19-Aug-2019","2","2","1","-"
"VISHAL","INE755Q01025","Vishal Fabrics Limited","19-Aug-2019","5","5","1","-"
"DOLAT","INE966A01022","Dolat Investments Limited","19-Aug-2019","1","1","1","-"
"VIKASPROP","INE767B01022","Vikas Proppant & Granite Limited","19-Aug-2019","1","1","1","-"
"HNDFDS","INE254N01018","Hindustan Foods Limited","19-Aug-2019","10","10","1","-"
"AFFLE","INE00WC01019","Affle (India) Limited","08-Aug-2019","10","10","1","-"
"CREATIVE","INE985W01018","Creative Peripherals and Distribution Limited","05-Aug-2019","10","10","1","-"
"SHRENIK","INE632X01022","Shrenik Limited","02-Aug-2019","2","2","1","-"
"SUMIT","INE748Z01013","Sumit Woods Limited","30-Jul-2019","10","10","1","-"
"LIBAS","INE908V01012","Libas Designs Limited","23-Jul-2019","10","10","1","-"
"SIRCA","INE792Z01011","Sirca Paints India Limited","22-Jul-2019","10","10","1","-"
"GFSTEELS","INE534A01028","Grand Foundry Limited","22-Jul-2019","4","4","1","-"
"SATIA","INE170E01023","Satia Industries Limited","17-Jul-2019","1","1","1","-"
"DCMNVL","INE08KP01019","DCM Nouvelle Limited","16-Jul-2019","10","10","1","-"
"INFOBEAN","INE344S01016","InfoBeans Technologies Limited","15-Jul-2019","10","10","1","-"
"SANGINITA","INE753W01010","Sanginita Chemicals Limited","15-Jul-2019","10","10","1","-"
"SEYAIND","INE573R01012","Seya Industries Limited","11-Jul-2019","10","10","1","-"
"OAL","INE959C01023","Oriental Aromatics Limited","11-Jul-2019","5","5","1","-"
"INDIAMART","INE933S01016","Indiamart Intermesh Limited","04-Jul-2019","10","10","1","-"
"STEELCITY","INE395H01011","Steel City Securities Limited","27-Jun-2019","10","10","1","-"
"DGCONTENT","INE03JI01017","Digicontent Limited","18-Jun-2019","2","2","1","-"
"PPL","INE050001010","Prakash Pipes Limited","14-Jun-2019","10","10","1","-"
"CONFIPET","INE552D01024","Confidence Petroleum India Limited","13-Jun-2019","1","1","1","-"
"GBGLOBAL","INE087J01028","GB Global Limited","04-Jun-2019","10","10","1","-"
"EMAMIPAP","INE830C01026","Emami Paper Mills Limited","30-May-2019","2","2","1","-"
"ONEPOINT","INE840Y01011","One Point One Solutions Limited","09-May-2019","10","10","1","-"
"NEOGEN","INE136S01016","Neogen Chemicals Limited","08-May-2019","10","10","1","-"
"VIKASMCORP","INE161L01027","Vikas Multicorp Limited","08-May-2019","1","1","1","-"
"AIRAN","INE645W01026","Airan Limited","03-May-2019","2","2","1","-"
"KPITTECH","INE04I401011","KPIT Technologies Limited","22-Apr-2019","10","10","1","-"
"SOUTHWEST","INE980Y01015","South West Pinnacle Exploration Limited","18-Apr-2019","10","10","1","-"
"POLYCAB","INE455K01017","Polycab India Limited","16-Apr-2019","10","10","1","-"
"MAHESHWARI","INE263W01010","Maheshwari Logistics Limited","15-Apr-2019","10","10","1","-"
"METROPOLIS","INE112L01020","Metropolis Healthcare Limited","15-Apr-2019","2","2","1","-"
"RVNL","INE415G01027","Rail Vikas Nigam Limited","11-Apr-2019","10","10","1","-"
"SAKAR","INE732S01012","Sakar Healthcare Limited","11-Apr-2019","10","10","1","-"
"MSTCLTD","INE255X01014","Mstc Limited","29-Mar-2019","10","10","1","-"
"ARVINDFASN","INE955V01021","Arvind Fashions Limited","08-Mar-2019","4","4","1","-"
"AGROPHOS","INE740V01019","Agro Phos India Limited","08-Mar-2019","10","10","1","-"
"ANUP","INE294Z01018","The Anup Engineering Limited","01-Mar-2019","10","10","1","-"
"CHALET","INE427F01016","Chalet Hotels Limited","07-Feb-2019","10","10","1","-"
"XELPMOC","INE01P501012","Xelpmoc Design And Tech Limited","04-Feb-2019","10","10","1","-"
"SPENCERS","INE020801028","Spencer's Retail Limited","25-Jan-2019","5","5","1","-"
"CESCVENT","INE425Y01011","CESC Ventures Limited","25-Jan-2019","10","10","1","-"
"SAGARDEEP","INE976T01013","Sagardeep Alloys Limited","25-Jan-2019","10","10","1","-"
"DALBHARAT","INE00R701025","Dalmia Bharat Limited","22-Jan-2019","2","2","1","-"
"TREJHARA","INE00CA01015","TREJHARA SOLUTIONS LIMITED","28-Dec-2018","10","10","1","-"
"NILASPACES","INE00S901012","Nila Spaces Limited","28-Dec-2018","1","1","1","-"
"TECHNOE","INE285K01026","Techno Electric & Engineering Company Limited","04-Dec-2018","2","2","1","-"
"ADANIGAS","INE399L01023","Adani Gas Limited","05-Nov-2018","1","1","1","-"
"GRSE","INE382Z01011","Garden Reach Shipbuilders & Engineers Limited","10-Oct-2018","10","10","1","-"
"AAVAS","INE216P01012","Aavas Financiers Limited","08-Oct-2018","10","10","1","-"
"IRCON","INE962Y01021","Ircon International Limited","28-Sep-2018","10","10","1","-"
"AIONJSW","INE743C01021","Monnet Ispat & Energy Limited","12-Sep-2018","10","10","1","-"
"SIGIND","INE529F01035","Signet Industries Limited","29-Aug-2018","10","10","1","-"
"CREDITACC","INE741K01010","CREDITACCESS GRAMEEN LIMITED","23-Aug-2018","10","10","1","-"
"HDFCAMC","INE127D01025","HDFC Asset Management Company Limited","06-Aug-2018","5","5","1","-"
"TCNSBRANDS","INE778U01029","TCNS Clothing Co. Limited","30-Jul-2018","2","2","1","-"
"HBSL","INE550B01022","HB Stockholdings Limited","23-Jul-2018","10","10","1","-"
"VARROC","INE665L01035","Varroc Engineering Limited","06-Jul-2018","1","1","1","-"
"RITES","INE320J01015","RITES Limited","02-Jul-2018","10","10","1","-"
"FINEORG","INE686Y01026","Fine Organic Industries Limited","02-Jul-2018","5","5","1","-"
"GAYAHWS","INE287Z01012","Gayatri Highways Limited","28-Jun-2018","2","2","1","-"
"SOLARA","INE624Z01016","Solara Active Pharma Sciences Limited","27-Jun-2018","10","10","1","-"
"ADANIGREEN","INE364U01010","Adani Green Energy Limited","18-Jun-2018","10","10","1","-"
"BORORENEW","INE666D01022","BOROSIL RENEWABLES LIMITED","25-May-2018","1","1","1","-"
"INDOSTAR","INE896L01010","IndoStar Capital Finance Limited","21-May-2018","10","10","1","-"
"ORIENTELEC","INE142Z01019","Orient Electric Limited","14-May-2018","1","1","1","-"
"HITECH","INE106T01017","Hi-Tech Pipes Limited","07-May-2018","10","10","1","-"
"CHEMFAB","INE783X01023","Chemfab Alkalis Limited","25-Apr-2018","10","10","1","-"
"LEMONTREE","INE970X01018","Lemon Tree Hotels Limited","09-Apr-2018","10","10","1","-"
"CENTRUM","INE660C01027","Centrum Capital Limited","04-Apr-2018","1","1","1","-"
"ISEC","INE763G01038","ICICI Securities Limited","04-Apr-2018","5","5","1","-"
"MIDHANI","INE099Z01011","Mishra Dhatu Nigam Limited","04-Apr-2018","10","10","1","-"
"SANDHAR","INE278H01035","Sandhar Technologies Limited","02-Apr-2018","10","10","1","-"
"KARDA","INE278R01018","Karda Constructions Limited","02-Apr-2018","10","10","1","-"
"HAL","INE066F01012","Hindustan Aeronautics Limited","28-Mar-2018","10","10","1","-"
"BANDHANBNK","INE545U01014","Bandhan Bank Limited","27-Mar-2018","10","10","1","-"
"SUNDARMHLD","INE202Z01029","Sundaram Finance Holdings Limited","26-Mar-2018","5","5","1","-"
"BDL","INE171Z01018","Bharat Dynamics Limited","23-Mar-2018","10","10","1","-"
"HGINFRA","INE926X01010","H.G. Infra Engineering Limited","09-Mar-2018","10","10","1","-"
"GMMPFAUDLR","INE541A01023","GMM Pfaudler Limited","05-Mar-2018","2","2","1","-"
"ASTERDM","INE914M01019","Aster DM Healthcare Limited","26-Feb-2018","10","10","1","-"
"SHIVAMILLS","INE644Y01017","Shiva Mills Limited","26-Feb-2018","10","10","1","-"
"GALAXYSURF","INE600K01018","Galaxy Surfactants Limited","08-Feb-2018","10","10","1","-"
"PRAXIS","INE546Y01022","Praxis Home Retail Limited","31-Jan-2018","5","5","1","-"
"AMBER","INE371P01015","Amber Enterprises India Limited","30-Jan-2018","10","10","1","-"
"NEWGEN","INE619B01017","Newgen Software Technologies Limited","29-Jan-2018","10","10","1","-"
"APOLLO","INE713T01010","Apollo Micro Systems Limited","22-Jan-2018","10","10","1","-"
"ASTRON","INE646X01014","Astron Paper & Board Mill Limited","29-Dec-2017","10","10","1","-"
"SHIVATEX","INE705C01020","Shiva Texyarn Limited","26-Dec-2017","10","10","1","-"
"FSC","INE935Q01015","Future Supply Chain Solutions Limited","18-Dec-2017","10","10","1","-"
"SHALBY","INE597J01018","Shalby Limited","15-Dec-2017","10","10","1","-"
"DNAMEDIA","INE016M01021","Diligent Media Corporation Limited","11-Dec-2017","1","1","1","-"
"HDFCLIFE","INE795G01014","HDFC Life Insurance Company Limited","17-Nov-2017","10","10","1","-"
"5PAISA","INE618L01018","5Paisa Capital Limited","16-Nov-2017","10","10","1","-"
"IFGLEXPOR","INE133Y01011","IFGL Refractories Limited","14-Nov-2017","10","10","1","-"
"KHADIM","INE834I01025","Khadim India Limited","14-Nov-2017","10","10","1","-"
"NIACL","INE470Y01017","The New India Assurance Company Limited","13-Nov-2017","5","5","1","-"
"MAHLOG","INE766P01016","Mahindra Logistics Limited","10-Nov-2017","10","10","1","-"
"NAM-INDIA","INE298J01013","Nippon Life India Asset Management Limited","06-Nov-2017","10","10","1","-"
"TIINDIA","INE974X01010","Tube Investments of India Limited","02-Nov-2017","1","1","1","-"
"GICRE","INE481Y01014","General Insurance Corporation of India","25-Oct-2017","5","5","1","-"
"IEX","INE022Q01020","Indian Energy Exchange Limited","23-Oct-2017","1","1","1","-"
"MASFIN","INE348L01012","MAS Financial Services Limited","18-Oct-2017","10","10","1","-"
"TCPLPACK","INE822C01015","TCPL Packaging Limited","17-Oct-2017","10","10","1","-"
"GODREJAGRO","INE850D01014","Godrej Agrovet Limited","16-Oct-2017","10","10","1","-"
"SCAPDVR","INE224E01036","Stampede Capital Limited","10-Oct-2017","1","1","1","-"
"DIAMONDYD","INE393P01035","Prataap Snacks Limited","05-Oct-2017","5","5","1","-"
"SBILIFE","INE123W01016","SBI Life Insurance Company Limited","03-Oct-2017","10","10","1","-"
"ICICIGI","INE765G01017","ICICI Lombard General Insurance Company Limited","27-Sep-2017","10","10","1","-"
"CAPACITE","INE264T01014","Capacit'e Infraprojects Limited","25-Sep-2017","10","10","1","-"
"CHOLAHLDNG","INE149A01033","Cholamandalam Financial Holdings Limited","25-Sep-2017","1","1","1","-"
"RHFL","INE217K01011","Reliance Home Finance Limited","22-Sep-2017","10","10","1","-"
"MATRIMONY","INE866R01028","Matrimony.Com Limited","21-Sep-2017","5","5","1","-"
"LASA","INE670X01014","Lasa Supergenerics Limited","21-Sep-2017","10","10","1","-"
"DCAL","INE385W01011","Dishman Carbogen Amcis Limited","21-Sep-2017","2","2","1","-"
"DIXON","INE935N01012","Dixon Technologies (India) Limited","18-Sep-2017","10","10","1","-"
"BRNL","INE727S01012","Bharat Road Network Limited","18-Sep-2017","10","10","1","-"
"APEX","INE346W01013","Apex Frozen Foods Limited","04-Sep-2017","10","10","1","-"
"ABCAPITAL","INE674K01013","Aditya Birla Capital Limited","01-Sep-2017","10","10","1","-"
"SMSLIFE","INE320X01016","SMS Lifesciences India Limited","17-Aug-2017","10","10","1","-"
"COCHINSHIP","INE704P01017","Cochin Shipyard Limited","11-Aug-2017","10","10","1","-"
"SIS","INE285J01028","Security and Intelligence Services (India) Limited","10-Aug-2017","5","5","1","-"
"SPTL","INE501W01021","Sintex Plastics Technology Limited","08-Aug-2017","1","1","1","-"
"OPTIEMUS","INE350C01017","Optiemus Infracom Limited","08-Aug-2017","10","10","1","-"
"THEINVEST","INE924D01017","The Investment Trust Of India Limited","02-Aug-2017","10","10","1","-"
"PALASHSECU","INE471W01019","Palash Securities Limited","28-Jul-2017","10","10","1","-"
"AVADHSUGAR","INE349W01017","Avadh Sugar & Energy Limited","28-Jul-2017","10","10","1","-"
"MAGADSUGAR","INE347W01011","Magadh Sugar & Energy Limited","28-Jul-2017","10","10","1","-"
"GANGESSECU","INE335W01016","Ganges Securities Limited","28-Jul-2017","10","10","1","-"
"SALASAR","INE170V01019","Salasar Techno Engineering Limited","25-Jul-2017","10","10","1","-"
"STEELXIND","INE503B01013","STEEL EXCHANGE INDIA LIMITED","20-Jul-2017","10","10","1","-"
"BHAGYAPROP","INE363W01018","Bhagyanagar Properties Limited","20-Jul-2017","2","2","1","-"
"DYNPRO","INE256H01015","Dynemic Products Limited","19-Jul-2017","10","10","1","-"
"AUBANK","INE949L01017","AU Small Finance Bank Limited","10-Jul-2017","10","10","1","-"
"GTPL","INE869I01013","GTPL Hathway Limited","04-Jul-2017","10","10","1","-"
"CDSL","INE736A01011","Central Depository Services (India) Limited","30-Jun-2017","10","10","1","-"
"ERIS","INE406M01024","Eris Lifesciences Limited","29-Jun-2017","1","1","1","-"
"TEJASNET","INE010J01012","Tejas Networks Limited","27-Jun-2017","10","10","1","-"
"STARCEMENT","INE460H01021","Star Cement Limited","16-Jun-2017","1","1","1","-"
"PSPPROJECT","INE488V01015","PSP Projects Limited","29-May-2017","10","10","1","-"
"HUDCO","INE031A01017","Housing & Urban Development Corporation Limited","19-May-2017","10","10","1","-"
"BHAGYANGR","INE458B01036","Bhagyanagar India Limited","17-May-2017","2","2","1","-"
"SCHAND","INE807K01035","S Chand And Company Limited","09-May-2017","5","5","1","-"
"DOLLAR","INE325C01035","Dollar Industries Limited","21-Apr-2017","2","2","1","-"
"WIPL","INE215F01023","The Western India Plywoods Limited","17-Apr-2017","10","10","1","-"
"PODDARHOUS","INE888B01018","Poddar Housing and Development Limited","10-Apr-2017","10","10","1","-"
"APCL","INE071F01012","Anjani Portland Cement Limited","10-Apr-2017","10","10","1","-"
"NACLIND","INE295D01020","NACL Industries Limited","07-Apr-2017","1","1","1","-"
"NRAIL","INE740D01017","N R Agarwal Industries Limited","05-Apr-2017","10","10","1","-"
"SHANKARA","INE274V01019","Shankara Building Products Limited","05-Apr-2017","10","10","1","-"
"CLEDUCATE","INE201M01011","CL Educate Limited","31-Mar-2017","10","10","1","-"
"ARIHANTSUP","INE643K01018","Arihant Superstructures Limited","28-Mar-2017","10","10","1","-"
"AKSHARCHEM","INE542B01011","AksharChem India Limited","28-Mar-2017","10","10","1","-"
"URJA","INE550C01020","Urja Global Limited","28-Mar-2017","1","1","1","-"
"TASTYBITE","INE488B01017","Tasty Bite Eatables Limited","23-Mar-2017","10","10","1","-"
"INTENTECH","INE781A01025","Intense Technologies Limited","23-Mar-2017","2","2","1","-"
"DMART","INE192R01011","Avenue Supermarts Limited","21-Mar-2017","10","10","1","-"
"RADIOCITY","INE919I01024","Music Broadcast Limited","17-Mar-2017","2","2","1","-"
"JITFINFRA","INE863T01013","JITF Infralogistics Limited","27-Feb-2017","2","2","1","-"
"KALYANI","INE610E01010","Kalyani Commercials Limited","13-Feb-2017","10","10","1","-"
"PRICOLLTD","INE726V01018","Pricol Limited","10-Feb-2017","1","1","1","-"
"BSE","INE118H01025","BSE Limited","03-Feb-2017","2","2","1","-"
"BHANDARI","INE474E01029","Bhandari Hosiery Exports Limited","30-Jan-2017","1","1","1","-"
"CAPTRUST","INE707C01018","Capital Trust Limited","16-Jan-2017","10","10","1","-"
"SPCENET","INE970N01027","Spacenet Enterprises India Limited","10-Jan-2017","1","1","1","-"
"HISARMETAL","INE598C01011","Hisar Metal Industries Limited","05-Jan-2017","10","10","1","-"
"ITDC","INE353K01014","India Tourism Development Corporation Limited","30-Dec-2016","10","10","1","-"
"TERASOFT","INE482B01010","Tera Software Limited","29-Dec-2016","10","10","1","-"
"DFMFOODS","INE456C01020","DFM Foods Limited","29-Dec-2016","2","2","1","-"
"LAURUSLABS","INE947Q01010","Laurus Labs Limited","19-Dec-2016","10","10","1","-"
"TCIEXP","INE586V01016","TCI Express Limited","15-Dec-2016","2","2","1","-"
"TMRVL","INE759V01019","The Mandhana Retail Ventures Limited","14-Dec-2016","10","10","1","-"
"SFL","INE916U01025","Sheela Foam Limited","09-Dec-2016","5","5","1","-"
"CMICABLES","INE981B01011","CMI Limited","29-Nov-2016","10","10","1","-"
"KIOCL","INE880L01014","KIOCL Limited","29-Nov-2016","10","10","1","-"
"NBIFIN","INE365I01020","N. B. I. Industrial Finance Company Limited","23-Nov-2016","5","5","1","-"
"ROLLT","INE927A01040","Rollatainers Limited","22-Nov-2016","1","1","1","-"
"SANCO","INE782L01012","Sanco Industries Limited","22-Nov-2016","10","10","1","-"
"PODDARMENT","INE371C01013","Poddar Pigments Limited","22-Nov-2016","10","10","1","-"
"KINGFA","INE473D01015","Kingfa Science & Technology (India) Limited","15-Nov-2016","10","10","1","-"
"VBL","INE200M01013","Varun Beverages Limited","08-Nov-2016","10","10","1","-"
"PNBHOUSING","INE572E01012","PNB Housing Finance Limited","07-Nov-2016","10","10","1","-"
"MAZDA","INE885E01034","Mazda Limited","01-Nov-2016","10","10","1","-"
"NIRAJISPAT","INE326T01011","Niraj Ispat Industries Limited","27-Oct-2016","10","10","1","-"
"ENDURANCE","INE913H01037","Endurance Technologies Limited","19-Oct-2016","10","10","1","-"
"MASKINVEST","INE885F01015","Mask Investments Limited","14-Oct-2016","10","10","1","-"
"HPL","INE495S01016","HPL Electric & Power Limited","04-Oct-2016","10","10","1","-"
"ICICIPRULI","INE726G01019","ICICI Prudential Life Insurance Company Limited","29-Sep-2016","10","10","1","-"
"MARATHON","INE182D01020","Marathon Nextgen Realty Limited","29-Sep-2016","5","5","1","-"
"GNA","INE934S01014","GNA Axles Limited","26-Sep-2016","10","10","1","-"
"LTTS","INE010V01017","L&T Technology Services Limited","23-Sep-2016","2","2","1","-"
"CUPID","INE509F01011","Cupid Limited","16-Sep-2016","10","10","1","-"
"TVVISION","INE871L01013","TV Vision Limited","15-Sep-2016","10","10","1","-"
"SABEVENTS","INE860T01019","Sab Events & Governance Now Media Limited","15-Sep-2016","10","10","1","-"
"BIGBLOC","INE412U01017","Bigbloc Construction Limited","02-Sep-2016","10","10","1","-"
"RBLBANK","INE976G01028","RBL Bank Limited","31-Aug-2016","10","10","1","-"
"FRETAIL","INE752P01024","Future Retail Limited","29-Aug-2016","2","2","1","-"
"NDGL","INE756C01015","Naga Dhunseri Group Limited","29-Aug-2016","10","10","1","-"
"SPAL","INE212I01016","S. P. Apparels Limited","12-Aug-2016","10","10","1","-"
"DBL","INE917M01012","Dilip Buildcon Limited","11-Aug-2016","10","10","1","-"
"MINDTECK","INE110B01017","Mindteck (India) Limited","02-Aug-2016","10","10","1","-"
"ADVENZYMES","INE837H01020","Advanced Enzyme Technologies Limited","01-Aug-2016","2","2","1","-"
"STAMPEDE","INE224E01028","Stampede Capital Limited","25-Jul-2016","1","1","1","-"
"LTI","INE214T01019","Larsen & Toubro Infotech Limited","21-Jul-2016","1","1","1","-"
"SOMICONVEY","INE323J01019","Somi Conveyor Beltings Limited","18-Jul-2016","10","10","1","-"
"LSIL","INE093R01011","Lloyds Steels Industries Limited","18-Jul-2016","1","1","1","-"
"GROBTEA","INE646C01018","The Grob Tea Company Limited","14-Jul-2016","10","10","1","-"
"MAXINDIA","INE153U01017","Max India Limited","14-Jul-2016","2","2","1","-"
"QUESS","INE615P01015","Quess Corp Limited","12-Jul-2016","10","10","1","-"
"VIJIFIN","INE159N01027","Viji Finance Limited","11-Jul-2016","1","1","1","-"
"GPTINFRA","INE390G01014","GPT Infraprojects Limited","11-Jul-2016","10","10","1","-"
"COMPINFO","INE070C01037","Compuage Infocom Limited","07-Jul-2016","2","2","1","-"
"MOLDTECH","INE835B01035","Mold-Tek Technologies Limited","07-Jul-2016","2","2","1","-"
"POKARNA","INE637C01025","Pokarna Limited","07-Jul-2016","2","2","1","-"
"DAMODARIND","INE497D01022","Damodar Industries Limited","04-Jul-2016","5","5","1","-"
"MGL","INE002S01010","Mahanagar Gas Limited","01-Jul-2016","10","10","1","-"
"ADHUNIKIND","INE452L01012","Adhunik Industries Limited","01-Jul-2016","10","10","1","-"
"SETCO","INE878E01021","Setco Automotive Limited","01-Jul-2016","2","2","1","-"
"MAHASTEEL","INE451L01014","Mahamaya Steel Industries Limited","01-Jul-2016","10","10","1","-"
"CONTROLPR","INE663B01015","Control Print Limited","24-Jun-2016","10","10","1","-"
"UVSL","INE292A01023","Uttam Value Steels Limited","24-Jun-2016","1","1","1","-"
"MAXVIL","INE154U01015","Max Ventures and Industries Limited","22-Jun-2016","10","10","1","-"
"PREMEXPLN","INE863B01011","Premier Explosives Limited","17-Jun-2016","10","10","1","-"
"SALONA","INE498E01010","Salona Cotspin Limited","16-Jun-2016","10","10","1","-"
"NAGAFERT","INE454M01024","Nagarjuna Fertilizers and Chemicals Limited","15-Jun-2016","1","1","1","-"
"BLS","INE153T01027","BLS International Services Limited","14-Jun-2016","1","1","1","-"
"ASPINWALL","INE991I01015","Aspinwall and Company Limited","14-Jun-2016","10","10","1","-"
"ALBERTDAVD","INE155C01010","Albert David Limited","14-Jun-2016","10","10","1","-"
"ABMINTLTD","INE251C01017","ABM International Limited","14-Jun-2016","10","10","1","-"
"ARMANFIN","INE109C01017","Arman Financial Services Limited","14-Jun-2016","10","10","1","-"
"SHRIPISTON","INE526E01018","Shriram Pistons & Rings Limited","02-Jun-2016","10","10","1","-"
"PARAGMILK","INE883N01014","Parag Milk Foods Limited","19-May-2016","10","10","1","-"
"CROMPTON","INE299U01018","Crompton Greaves Consumer Electricals Limited","13-May-2016","2","2","1","-"
"UJJIVAN","INE334L01012","Ujjivan Financial Services Limited","10-May-2016","10","10","1","-"
"THYROCARE","INE594H01019","Thyrocare Technologies Limited","09-May-2016","10","10","1","-"
"PALREDTEC","INE218G01033","Palred Technologies Limited","09-May-2016","10","10","1","-"
"EQUITAS","INE988K01017","Equitas Holdings Limited","21-Apr-2016","10","10","1","-"
"INFIBEAM","INE483S01020","Infibeam Avenues Limited","04-Apr-2016","1","1","1","-"
"BHARATWIRE","INE316L01019","Bharat Wire Ropes Limited","01-Apr-2016","10","10","1","-"
"HCG","INE075I01017","Healthcare Global Enterprises Limited","30-Mar-2016","10","10","1","-"
"PDMJEPAPER","INE865T01018","Pudumjee Paper Products Limited","30-Mar-2016","1","1","1","-"
"KDDL","INE291D01011","KDDL Limited","23-Mar-2016","10","10","1","-"
"SIMBHALS","INE748T01016","Simbhaoli Sugars Limited","14-Mar-2016","10","10","1","-"
"GOKULAGRO","INE314T01025","Gokul Agro Resources Limited","11-Mar-2016","2","2","1","-"
"SEQUENT","INE807F01027","Sequent Scientific Limited","10-Mar-2016","2","2","1","-"
"VIDHIING","INE632C01026","Vidhi Specialty Food Ingredients Limited","02-Mar-2016","1","1","1","-"
"BHAGERIA","INE354C01027","Bhageria Industries Limited","02-Mar-2016","5","5","1","-"
"NECCLTD","INE553C01016","North Eastern Carrying Corporation Limited","02-Mar-2016","10","10","1","-"
"KELLTONTEC","INE164B01022","Kellton Tech Solutions Limited","02-Mar-2016","5","5","1","-"
"QUICKHEAL","INE306L01010","Quick Heal Technologies Limited","18-Feb-2016","10","10","1","-"
"TEAMLEASE","INE985S01024","Teamlease Services Limited","12-Feb-2016","10","10","1","-"
"PRECAM","INE484I01029","Precision Camshafts Limited","08-Feb-2016","10","10","1","-"
"JSLHISAR","INE455T01018","Jindal Stainless (Hisar) Limited","28-Jan-2016","2","2","1","-"
"OCCL","INE321D01016","Oriental Carbon & Chemicals Limited","27-Jan-2016","10","10","1","-"
"NH","INE410P01011","Narayana Hrudayalaya Ltd.","06-Jan-2016","10","10","1","-"
"ALKEM","INE540L01014","Alkem Laboratories Limited","23-Dec-2015","2","2","1","-"
"LALPATHLAB","INE600L01024","Dr. Lal Path Labs Ltd.","23-Dec-2015","10","10","1","-"
"LINCOLN","INE405C01035","Lincoln Pharmaceuticals Limited","17-Dec-2015","10","10","1","-"
"KRIDHANINF","INE524L01026","Kridhan Infra Limited","11-Dec-2015","2","2","1","-"
"PILANIINVS","INE417C01014","Pilani Investment and Industries Corporation Limited","08-Dec-2015","10","10","1","-"
"TTKHLTCARE","INE910C01018","TTK Healthcare Limited","02-Dec-2015","10","10","1","-"
"UMANGDAIRY","INE864B01027","Umang Dairies Limited","02-Dec-2015","5","5","1","-"
"SALZERELEC","INE457F01013","Salzer Electronics Limited","02-Dec-2015","10","10","1","-"
"LUXIND","INE150G01020","Lux Industries Limited","30-Nov-2015","2","2","1","-"
"BALAXI","INE618N01014","Balaxi Ventures Limited","30-Nov-2015","10","10","1","-"
"SHK","INE500L01026","S H Kelkar and Company Limited","16-Nov-2015","10","10","1","-"
"INDIGO","INE646L01027","InterGlobe Aviation Limited","10-Nov-2015","10","10","1","-"
"IDFCFIRSTB","INE092T01019","IDFC First Bank Limited","06-Nov-2015","10","10","1","-"
"PRABHAT","INE302M01033","Prabhat Dairy Limited","21-Sep-2015","10","10","1","-"
"SADBHIN","INE764L01010","Sadbhav Infrastructure Project Limited","16-Sep-2015","10","10","1","-"
"GUJGASLTD","INE844O01030","Gujarat Gas Limited","15-Sep-2015","2","2","1","-"
"SHREEPUSHK","INE712K01011","Shree Pushkar Chemicals & Fertilisers Limited","10-Sep-2015","10","10","1","-"
"NAVKARCORP","INE278M01019","Navkar Corporation Limited","09-Sep-2015","10","10","1","-"
"SHARDAMOTR","INE597I01010","Sharda Motor Industries Limited","03-Sep-2015","10","10","1","-"
"ARVSMART","INE034S01021","Arvind SmartSpaces Limited","26-Aug-2015","10","10","1","-"
"POWERMECH","INE211R01019","Power Mech Projects Limited","26-Aug-2015","10","10","1","-"
"SATIN","INE836B01017","Satin Creditcare Network Limited","26-Aug-2015","10","10","1","-"
"MUTHOOTCAP","INE296G01013","Muthoot Capital Services Limited","24-Aug-2015","10","10","1","-"
"ORTINLABSS","INE749B01012","Ortin Laboratories Limited","21-Aug-2015","10","10","1","-"
"RAMASTEEL","INE230R01027","Rama Steel Tubes Limited","19-Aug-2015","5","5","1","-"
"MAJESCO","INE898S01029","Majesco Limited","19-Aug-2015","5","5","1","-"
"PKTEA","INE431F01018","The Peria Karamalai Tea & Produce Company Limited","19-Aug-2015","10","10","1","-"
"AYMSYNTEX","INE193B01039","AYM Syntex Limited","14-Aug-2015","10","10","1","-"
"KAYA","INE587G01015","Kaya Limited","14-Aug-2015","10","10","1","-"
"SYNGENE","INE398R01022","Syngene International Limited","11-Aug-2015","10","10","1","-"
"ADANITRANS","INE931S01010","Adani Transmission Limited","31-Jul-2015","10","10","1","-"
"SHYAMCENT","INE979R01011","Shyam Century Ferrous Limited","28-Jul-2015","1","1","1","-"
"BALKRISHNA","INE875R01011","Balkrishna Paper Mills Limited","28-Jul-2015","10","10","1","-"
"ORICONENT","INE730A01022","Oricon Enterprises Limited","24-Jul-2015","2","2","1","-"
"ALANKIT","INE914E01040","Alankit Limited","30-Jun-2015","1","1","1","-"
"SKIPPER","INE439E01022","Skipper Limited","27-May-2015","1","1","1","-"
"PNCINFRA","INE195J01029","PNC Infratech Limited","26-May-2015","2","2","1","-"
"ARROWGREEN","INE570D01018","Arrow Greentech Limited","21-May-2015","10","10","1","-"
"NILAINFRA","INE937C01029","Nila Infrastructures Limited","21-May-2015","1","1","1","-"
"TPLPLASTEH","INE413G01014","TPL Plastech Limited","20-May-2015","10","10","1","-"
"UFO","INE527H01019","UFO Moviez India Limited","14-May-2015","10","10","1","-"
"FAIRCHEM","INE959A01019","Fairchem Speciality Limited","08-May-2015","10","10","1","-"
"BCG","INE425B01027","Brightcom Group Limited","08-May-2015","2","2","1","-"
"MEP","INE776I01010","MEP Infrastructure Developers Limited","06-May-2015","10","10","1","-"
"VRLLOG","INE366I01010","VRL Logistics Limited","30-Apr-2015","10","10","1","-"
"VETO","INE918N01018","Veto Switchgears And Cables Limited","29-Apr-2015","10","10","1","-"
"VIPULLTD","INE946H01037","Vipul Limited","23-Apr-2015","1","1","1","-"
"BYKE","INE319B01014","The Byke Hospitality Ltd","15-Apr-2015","10","10","1","-"
"LFIC","INE850E01012","Lakshmi Finance & Industrial Corporation Limited","15-Apr-2015","10","10","1","-"
"AVANTIFEED","INE871C01038","Avanti Feeds Limited","15-Apr-2015","1","1","1","-"
